{
  "model_id": "Qwen/Qwen2.5-7B",
  "model_label": "Qwen2.5 (7B) base",
  "n_groups": 119,
  "evaluated_at": "2026-03-12T23:59:30.179651",
  "metrics": {
    "pss_mean": 0.16250597870445307,
    "pss_std": 0.19690070533008464,
    "cfs_mean": 0.14400269546626318,
    "cfs_std": 0.1887342618438262,
    "pacf_mean": 0.3134956857450593,
    "gas_mean": 0.08281825658544398
  }
}