{
  "phase": "pre_training",
  "dataset": "training/output_v4/splits/political_checkpoint_test.json",
  "n_groups": 28,
  "evaluated_at": "2026-03-08T14:27:25.961300",
  "metrics": {
    "pss_mean": 0.02968515131832187,
    "pss_std": 0.08385384885500266,
    "cfs_mean": 0.09067935773979993,
    "cfs_std": 0.11330970535456236,
    "pacf_mean": 0.30004739186490303,
    "gas_mean": 4.2997834888020794e-05
  }
}