{
  "post_grpo": {
    "pss_mean": 0.012786398149835903,
    "pss_std": 0.061703729306837575,
    "cfs_mean": 0.08969930224789582,
    "cfs_std": 0.14454293727443518,
    "pacf_mean": 0.312633112927125,
    "gas_mean": 0.0
  },
  "pre_training": {
    "pss_mean": 0.02968515131832187,
    "pss_std": 0.08385384885500266,
    "cfs_mean": 0.09067935773979993,
    "cfs_std": 0.11330970535456236,
    "pacf_mean": 0.30004739186490303,
    "gas_mean": 4.2997834888020794e-05
  }
}