{
  "evaluated_at": "2026-03-13T01:09:42.364888",
  "n_groups": 119,
  "all_checks_passed": true,
  "results": {
    "resistant": {
      "pss_mean": 0.0003887052655342652,
      "pss_std": 0.00046668657849177874,
      "cfs_mean": 0.001333069717757939,
      "cfs_std": 0.005933523409925218,
      "pacf_mean": 0.0,
      "gas_mean": 0.0
    },
    "partial": {
      "pss_mean": 0.03381330350504169,
      "pss_std": 0.07350571524690587,
      "cfs_mean": 0.25015940735062686,
      "cfs_std": 0.004468484822867989,
      "pacf_mean": 0.7745966692414838,
      "gas_mean": 0.0
    },
    "shuffled": {
      "pss_mean": 0.2584469368817867,
      "pss_std": 0.2508068310154137,
      "cfs_mean": 0.07157564896113805,
      "cfs_std": 0.12901833677331967,
      "pacf_mean": 0.2504456153928684,
      "gas_mean": 0.0
    },
    "sycophantic": {
      "pss_mean": 0.07521252308393776,
      "pss_std": 0.11648849424384637,
      "cfs_mean": 0.7478481428003547,
      "cfs_std": 0.0015578977014747812,
      "pacf_mean": 0.773531442384723,
      "gas_mean": 0.00834888453577079
    }
  }
}