{
  "phase": "post_grpo",
  "n_groups": 79,
  "metrics": {
    "pss_mean": 0.35938307924987983,
    "pss_std": 0.1928717373692578,
    "cfs_mean": 0.3164931116684611,
    "cfs_std": 0.09313369516226985,
    "pacf_mean": -0.41591085275881745,
    "gas_mean": 0.20516585845515947
  }
}