{
  "phase": "post_sft",
  "n_groups": 79,
  "metrics": {
    "pss_mean": 0.35938307924987983,
    "pss_std": 0.1928717373692578,
    "cfs_mean": 0.45234329177691496,
    "cfs_std": 0.11784767102881821,
    "pacf_mean": 0.07222024874066856,
    "gas_mean": 0.3338350189008793
  }
}