{
  "phase": "post_grpo_v3_epoch1",
  "n_groups": 79,
  "metrics": {
    "pss_mean": 0.35938307924987983,
    "pss_std": 0.1928717373692578,
    "cfs_mean": 0.4693369541458691,
    "cfs_std": 0.09244045607886402,
    "pacf_mean": 0.07742467239535838,
    "gas_mean": 0.3580351094656352
  }
}