{
  "phase": "post_grpo_v2",
  "n_groups": 79,
  "metrics": {
    "pss_mean": 0.35938307924987983,
    "pss_std": 0.1928717373692578,
    "cfs_mean": 0.47751281533060197,
    "cfs_std": 0.1169844776543179,
    "pacf_mean": 0.1176809790414081,
    "gas_mean": 0.371426764294065
  }
}