{
  "phase": "pre_training",
  "dataset": "training/output/splits/political_dataset_20260224_032641_with_baselines_test.json",
  "n_groups": 16,
  "evaluated_at": "2026-03-04T02:05:37.854449",
  "metrics": {
    "pss_mean": 0.0303106293875108,
    "pss_std": 0.06279289060364843,
    "cfs_mean": 0.14866646684679097,
    "cfs_std": 0.11107650109241529,
    "pacf_mean": -0.3116635709091563,
    "gas_mean": 0.057327404618263245
  }
}