{
  "phase": "post_grpo_v3",
  "n_groups": 79,
  "metrics": {
    "pss_mean": 0.35938307924987983,
    "pss_std": 0.1928717373692578,
    "cfs_mean": 0.45068593886739844,
    "cfs_std": 0.08507396030883008,
    "pacf_mean": -0.037034382153232355,
    "gas_mean": 0.3383424029948842
  }
}