{
  "phase": "pre_training",
  "n_groups": 79,
  "metrics": {
    "pss_mean": 0.35938307924987983,
    "pss_std": 0.1928717373692578,
    "cfs_mean": 0.47981969559494453,
    "cfs_std": 0.10936446678144116,
    "pacf_mean": 0.10857617205814123,
    "gas_mean": 0.3678592718854735
  }
}