{
  "post_grpo_v2": {
    "pss_mean": 0.35938307924987983,
    "pss_std": 0.1928717373692578,
    "cfs_mean": 0.47751281533060197,
    "cfs_std": 0.1169844776543179,
    "pacf_mean": 0.1176809790414081,
    "gas_mean": 0.371426764294065
  },
  "post_grpo_v3": {
    "pss_mean": 0.35938307924987983,
    "pss_std": 0.1928717373692578,
    "cfs_mean": 0.45068593886739844,
    "cfs_std": 0.08507396030883008,
    "pacf_mean": -0.037034382153232355,
    "gas_mean": 0.3383424029948842
  },
  "post_grpo_v3_epoch1": {
    "pss_mean": 0.35938307924987983,
    "pss_std": 0.1928717373692578,
    "cfs_mean": 0.4693369541458691,
    "cfs_std": 0.09244045607886402,
    "pacf_mean": 0.07742467239535838,
    "gas_mean": 0.3580351094656352
  },
  "post_sft": {
    "pss_mean": 0.14315978795281847,
    "pss_std": 0.17664262340779166,
    "cfs_mean": 0.10418946752364633,
    "cfs_std": 0.11127516524065165,
    "pacf_mean": -0.7751394207885606,
    "gas_mean": 0.0
  },
  "pre_training": {
    "pss_mean": 0.0303106293875108,
    "pss_std": 0.06279289060364843,
    "cfs_mean": 0.14866646684679097,
    "cfs_std": 0.11107650109241529,
    "pacf_mean": -0.3116635709091563,
    "gas_mean": 0.057327404618263245
  }
}