{
  "post_sft": {
    "pss_mean": 0.5794828463527446,
    "pss_std": 0.07343337818700188,
    "cfs_mean": 0.34217310696840286,
    "cfs_std": 0.03482029951455921,
    "pacf_mean": 0.19473540874927178,
    "gas_mean": 0.2416987841327985
  },
  "pre_training": {
    "pss_mean": 0.5794828463527446,
    "pss_std": 0.07343337818700188,
    "cfs_mean": 0.4435749324038625,
    "cfs_std": 0.12681198536403349,
    "pacf_mean": 0.20091506557140323,
    "gas_mean": 0.38360579746464885
  }
}