{
  "post_sft": {
    "pss_mean": 0.5794828463527446,
    "pss_std": 0.07343337818700188,
    "cfs_mean": 0.3364036389393732,
    "cfs_std": 0.027009186517000797,
    "pacf_mean": 0.2045388370747019,
    "gas_mean": 0.2417412294695775
  },
  "pre_training": {
    "pss_mean": 0.5794828463527446,
    "pss_std": 0.07343337818700188,
    "cfs_mean": 0.4435749324038625,
    "cfs_std": 0.12681198536403349,
    "pacf_mean": 0.20091506557140323,
    "gas_mean": 0.38360579746464885
  }
}