{
  "post_grpo": {
    "pss_mean": 0.35938307924987983,
    "pss_std": 0.1928717373692578,
    "cfs_mean": 0.3164931116684611,
    "cfs_std": 0.09313369516226985,
    "pacf_mean": -0.41591085275881745,
    "gas_mean": 0.20516585845515947
  },
  "post_grpo_v2": {
    "pss_mean": 0.35938307924987983,
    "pss_std": 0.1928717373692578,
    "cfs_mean": 0.47751281533060197,
    "cfs_std": 0.1169844776543179,
    "pacf_mean": 0.1176809790414081,
    "gas_mean": 0.371426764294065
  },
  "post_sft": {
    "pss_mean": 0.5794828463527446,
    "pss_std": 0.07343337818700188,
    "cfs_mean": 0.3364036389393732,
    "cfs_std": 0.027009186517000797,
    "pacf_mean": 0.2045388370747019,
    "gas_mean": 0.2417412294695775
  },
  "pre_training": {
    "pss_mean": 0.5794828463527446,
    "pss_std": 0.07343337818700188,
    "cfs_mean": 0.4435749324038625,
    "cfs_std": 0.12681198536403349,
    "pacf_mean": 0.20091506557140323,
    "gas_mean": 0.38360579746464885
  }
}